"treatment_group","n_total","n_valid_followup","mean_followup_years","median_followup_years","max_followup_years"
"Plaque",106,106,6.30304908759831,6.03696098562628,16.9472963723477
"GKSRS",65,65,4.06954140999316,2.79808350444901,17.284052019165
