"treatment_group","n_total","n_valid_followup","mean_followup_years","median_followup_years","max_followup_years"
"Plaque",122,122,6.49155642328969,6.11635865845311,16.9472963723477
"GKSRS",141,141,3.88108795588371,2.75701574264203,17.284052019165
