"treatment_group","n_total","n_valid_followup","mean_followup_years","median_followup_years","max_followup_years"
"Plaque",15,15,8.05311430527036,8.15879534565366,13.7385352498289
"GKSRS",76,76,3.71991065960589,2.00958247775496,13.6509240246407
